code,last traded price,open,previous close,percent change,high,low,52 week high,52 week low,board lot,par value,market capitalization,outstanding shares,listed shares,issued shares
2GO,6.98,7.14,6.98,0.00,7.14,6.98,7.99,6.00,100,1.00,"17,185,781,285.68","2,462,146,316","2,484,652,900","2,500,662,816"
AAA,,,1.63,,,,1.63,1.61,"1,000",1.00,"1,303,999,969.03","799,999,981","800,000,000","800,000,000"
AB,7.39,7.25,7.45,0.81,7.40,7.23,8.60,5.42,100,1.00,"18,960,250,000.00","2,545,000,000","953,963,474","2,545,000,000"
ABA,2.02,2.05,2.02,0.00,2.05,2.01,2.95,0.80,"1,000",1.00,"8,455,586,738.58","4,185,934,029","3,186,084,819","4,186,084,819"
ABG,,,3.53,,,,6.10,0.0000,"1,000",1.00,"1,059,000,000.00","300,000,000","298,848,944","300,000,000"
ABS,7.20,7.30,7.40,2.70,7.39,7.20,14.44,7.00,100,1.00,"6,679,753,175.20","902,669,348","899,806,671","902,669,348"
ABSP,8.00,7.80,8.00,0.00,8.00,7.80,14.48,0.0000,100,0,"2,202,547,440.00","275,318,430","275,318,430","275,318,430"
AC,696.00,705.50,712.00,2.25,705.50,696.00,915.00,575.50,10,50.00,"440,829,875,096.00","619,143,083","627,098,147","634,387,935"
ACE,,,1.40,,,,1.82,0.0000,"1,000",1.00,"482,646,528.00","344,747,520","346,100,520","346,100,578"
ACEN,7.56,7.55,7.55,0.13,7.57,7.40,11.30,5.41,100,1.00,"299,564,330,536.15","39,677,394,773","39,651,084,010","39,691,894,773"
ACR,0.80,0.80,0.78,2.56,0.80,0.80,1.24,0.75,"1,000",1.00,"4,907,370,000.00","6,291,500,000","6,291,500,000","6,291,500,000"
AEV,56.80,56.75,57.00,0.35,56.80,56.15,65.15,44.85,10,1.00,"320,922,851,049.00","5,630,225,457","5,694,599,621","5,694,599,621"
AGI,11.70,11.88,11.88,1.52,11.88,11.58,13.30,7.68,100,1.00,"109,913,485,322.52","9,251,976,879","10,269,827,979","10,269,827,979"
ALCO,0.54,0.52,0.52,3.85,0.56,0.51,0.64,0.480,"1,000",0.18,"2,765,409,503.48","5,318,095,199","5,318,095,199","5,318,095,199"
ALHI,,,5.89,,,,8.98,0.0000,100,1.00,"6,125,605,890.00","1,040,001,000","1,040,001,000","1,040,001,000"
ALI,29.20,29.75,29.90,2.34,29.85,29.20,39.80,22.35,100,1.00,"441,241,473,936.90","14,757,239,931","14,554,342,880","15,395,366,537"
ALLDY,0.226,0.227,0.228,0.88,0.227,0.220,0.65,0.215,"10,000",0.1,"5,211,429,060.00","22,857,145,000","22,857,145,000","22,857,145,000"
ALLHC,2.88,2.96,2.95,2.37,2.98,2.88,6.81,2.85,"1,000",1.00,"18,589,696,361.65","6,301,591,987","4,898,273,923","6,301,591,987"
ANI,7.25,7.34,7.29,0.55,7.34,6.90,8.09,4.03,100,1.00,"7,468,217,813.52","1,024,446,888","720,000,066","1,024,446,888"
ANS,9.00,8.83,8.99,0.11,9.00,8.81,10.44,7.56,100,1.00,"22,475,000,000.00","2,500,000,000","2,500,000,000","2,500,000,000"
AP,34.00,33.40,33.45,1.64,34.00,33.30,37.45,28.50,100,1.00,"246,145,314,069.15","7,358,604,307","7,358,604,307","7,358,604,307"
APC,0.201,0.193,0.193,4.15,0.202,0.193,0.270,0.171,"10,000",0.01,"1,448,311,371.42","7,504,203,997","5,998,149,059","5,998,149,059"
APL,0.037,0.038,0.038,2.63,0.041,0.036,0.082,0.025,"100,000",0.01,"11,122,081,273.29","292,686,349,297","292,686,349,297","292,686,349,297"
APO,,,0.66,,,,1.08,0.58,"1,000",1.00,"1,982,179,675.08","3,003,302,538","3,016,302,538","3,008,919,508"
APVI,12.00,12.00,12.02,0.17,12.00,12.00,21.15,11.52,100,1.00,"1,202,000,000.00","100,000,000","100,000,000","100,000,000"
APX,1.80,1.80,1.83,1.64,1.83,1.79,2.05,1.32,"1,000",1.00,"11,397,034,108.53","6,227,887,491","6,152,562,788","6,227,887,491"
AR,,,0.0046,,,,0.0000,0.0000,"1,000,000",0.01,"916,755,087.32","199,294,584,200","72,946,882,574","99,294,584,200"
ARA,1.08,1.13,1.09,0.92,1.13,1.08,2.35,0.94,"1,000",1.00,"2,127,012,451.30","1,951,387,570","1,561,110,070","1,951,387,570"
AREIT,34.70,35.25,35.25,1.56,35.60,34.30,52.50,30.55,100,10.00,"53,189,106,052.50","1,508,910,810","1,576,240,780","1,576,240,780"
ASLAG,1.67,1.65,1.65,1.21,1.67,1.63,2.48,1.56,"1,000",1.00,"2,475,000,000.00","1,500,000,000","1,500,000,000","1,500,000,000"
AT,3.57,3.52,3.53,1.13,3.58,3.52,8.40,3.14,"1,000",1.00,"12,565,150,692.22","3,559,532,774","2,087,032,774","3,559,532,774"
ATI,,,14.00,,,,14.50,12.82,100,1.00,"28,000,000,000.00","2,000,000,000","2,000,000,000","2,000,000,000"
ATN,0.355,0.355,0.355,0.00,0.365,0.355,0.94,0.330,"10,000",0.1,"1,428,894,677.30","4,025,055,429","4,025,055,429","4,025,055,429"
AUB,,,39.70,,,,45.20,39.15,100,10.00,"19,266,828,358.60","485,310,538","485,310,538","485,310,538"
AXLM,2.50,2.49,2.50,0.00,2.50,2.48,3.00,2.04,"1,000",1.00,"9,496,013,750.00","3,798,405,500","4,000,000,000","4,000,000,000"
BALAI,0.57,0.56,0.55,3.64,0.57,0.56,1.10,0.55,"1,000",0.05,"822,252,750.00","1,495,005,000","1,495,005,000","1,495,005,000"
BC,4.15,4.11,4.22,1.66,4.15,4.10,7.68,4.05,"1,000",1.00,"1,582,484,208.76","374,996,258","375,307,052","375,307,052"
BCOR,,,7.98,,,,9.30,0.0000,100,1.00,"34,643,419,930.14","4,341,280,693","4,427,009,132","4,427,009,132"
BDO,106.80,108.00,108.00,1.11,109.50,106.60,140.40,106.60,10,10.00,"568,497,933,864.00","5,263,869,758","4,386,688,135","4,386,688,135"
BEL,1.22,1.20,1.22,0.00,1.22,1.20,1.39,1.09,"1,000",1.00,"11,829,686,442.34","9,696,464,297","10,560,999,857","10,560,999,857"
BH,,,662.00,,,,662.00,0.0000,10,100.00,"330,991,394.00","499,987","20,000","499,987"
BHI,,,0.051,,,,0.117,0.047,"10,000",0.1,"612,000,000.00","12,000,000,000","11,901,100,000","12,000,000,000"
BKR,1.46,1.46,1.50,2.67,1.46,1.46,2.78,1.15,"1,000",0.55,"2,292,711,000.00","1,528,474,000","1,528,474,000","1,528,474,000"
BLOOM,7.46,7.51,7.50,0.53,7.55,7.46,7.85,5.50,100,1.00,"81,245,251,215.00","10,832,700,162","11,032,998,225","11,032,998,225"
BMM,52.00,52.00,52.00,0.00,52.00,52.00,74.90,0.0000,10,10.00,"312,000,000.00","6,000,000","6,000,000","6,000,000"
BNCOM,7.80,7.80,7.82,0.26,7.80,7.80,12.58,7.80,100,10.00,"10,971,568,854.40","1,403,013,920","1,403,013,920","1,403,013,920"
BPI,99.80,100.00,100.00,0.20,100.00,99.25,105.90,84.00,10,10.00,"451,312,825,500.00","4,513,128,255","4,486,084,698","4,919,307,531"
BRN,0.70,0.70,0.71,1.41,0.72,0.70,0.97,0.69,"1,000",1.00,"1,684,381,216.81","2,372,367,911","2,477,668,925","2,477,668,925"
BSC,0.280,0.290,0.285,1.75,0.290,0.270,0.64,0.260,"10,000",0.25,"4,180,563,273.24","14,668,643,064","4,187,767,714","14,668,643,064"
C,1.19,1.19,1.20,0.83,1.19,1.19,1.94,1.07,"1,000",1.00,"2,186,373,138.00","1,821,977,615","1,821,977,615","1,821,977,615"
CA,,,32.00,,,,48.00,0.0000,100,10.00,"706,488,672.00","22,077,771","22,077,771","22,077,771"
CAT,,,9.77,,,,13.78,0.0000,100,1.00,"2,330,114,126.80","238,496,840","282,545,960","282,545,960"
CDC,0.65,0.65,0.68,4.41,0.65,0.65,0.78,0.0000,"1,000",1.00,"3,301,482,684.60","4,855,121,595","4,857,059,542","4,857,059,542"
CEB,38.10,38.00,38.05,0.13,38.45,38.00,52.00,35.00,100,1.00,"23,450,736,703.55","616,313,711","629,233,561","629,233,561"
CEI,,,0.080,,,,0.107,0.073,"10,000",0.1,"1,196,799,996.00","14,959,999,950","14,959,999,990","19,775,232,460"
CEU,6.50,6.50,6.12,6.21,6.50,6.49,7.99,0.0000,100,1.00,"2,279,176,128.00","372,414,400","372,414,400","372,414,400"
CHI,,,6.08,,,,6.12,6.08,100,1.00,"13,113,080,316.48","2,156,756,631","2,916,844,623","2,916,844,623"
CHIB,27.60,27.45,27.60,0.00,27.70,27.45,31.00,24.10,100,10.00,"74,279,554,651.20","2,691,288,212","2,691,288,212","2,691,288,212"
CHP,0.62,0.62,0.62,0.00,0.63,0.62,1.11,0.58,"1,000",1.00,"8,363,320,506.26","13,489,226,623","13,489,226,623","13,489,226,623"
CIC,,,17.10,,,,22.70,14.86,100,1.00,"6,804,303,596.10","397,912,491","407,263,891","407,263,891"
CIP,,,150.00,,,,150.00,0.0000,10,10.00,"1,544,490,150.00","10,296,601","10,296,688","10,296,688"
CLI,2.57,2.67,2.63,2.28,2.75,2.57,3.06,2.19,"1,000",1.00,"9,113,479,858.21","3,465,201,467","3,623,451,997","3,623,451,997"
CNPF,25.00,24.65,25.00,0.00,25.50,24.65,29.25,19.80,100,1.00,"88,556,464,875.00","3,542,258,595","3,542,258,595","3,542,258,595"
CNVRG,13.92,14.00,14.00,0.57,14.00,13.72,33.00,11.02,100,0.25,"101,732,022,854.00","7,266,573,061","7,526,294,461","7,526,294,461"
COAL,,,0.210,,,,0.335,0.0000,"10,000",1.00,"840,000,000.84","4,000,000,004","4,000,000,004","4,000,000,004"
COL,,,3.22,,,,4.19,2.95,"1,000",0.1,"15,327,200,000.00","4,760,000,000","4,760,000,000","4,760,000,000"
COSCO,4.63,4.47,4.46,3.81,4.64,4.47,5.26,3.80,"1,000",1.00,"32,038,301,907.44","7,183,475,764","7,405,263,564","7,405,263,564"
CPG,0.345,0.345,0.340,1.47,0.350,0.335,0.430,0.330,"10,000",0.53,"3,943,864,234.60","11,599,600,690","11,699,723,690","11,699,723,690"
CPM,3.00,2.80,2.90,3.45,3.00,2.66,3.00,2.35,"1,000",1.00,"8,178,958,305.00","2,820,330,450","2,820,330,450","2,820,330,450"
CREIT,2.18,2.21,2.20,0.91,2.21,2.18,2.94,1.98,"1,000",0.25,"14,399,998,808.80","6,545,454,004","6,545,454,004","6,545,454,004"
CROWN,1.57,1.55,1.55,1.29,1.58,1.55,1.89,1.23,"1,000",1.00,"946,490,450.00","610,639,000","630,800,000","630,800,000"
CSB,,,8.00,,,,8.50,0.0000,100,10.00,"1,204,800,000.00","150,600,000","150,600,000","150,600,000"
CTS,0.94,0.94,0.92,2.17,0.94,0.91,1.19,0.81,"1,000",0.1,"6,325,000,000.00","6,875,000,000","6,875,000,000","6,875,000,000"
CYBR,,,0.330,,,,0.330,0.330,"10,000",1.00,"2,246,270,021.49","6,806,878,853","6,160,000,000","6,806,878,853"
DD,6.77,6.54,6.55,3.36,6.77,6.54,11.46,5.50,100,0.1,"15,359,937,330.00","2,345,028,600","2,373,100,600","2,373,100,600"
DDMPR,1.29,1.29,1.28,0.78,1.29,1.27,1.82,1.17,"1,000",1.00,"22,819,155,719.68","17,827,465,406","17,827,465,406","17,827,465,406"
DELM,14.20,13.94,13.88,2.31,14.20,13.82,16.40,12.00,100,0.01,"26,982,165,133.12","1,943,960,024","1,944,935,826","1,944,935,826"
DFNN,3.40,3.40,3.50,2.86,3.41,3.40,3.87,2.20,"1,000",1.00,"1,136,170,028.00","324,620,008","318,247,575","324,620,008"
DHI,,,3.16,,,,3.35,3.00,"1,000",1.00,"6,833,421,985.92","2,162,475,312","2,225,169,054","2,225,169,030"
DITO,2.80,2.75,2.75,1.82,2.82,2.75,7.06,2.40,"1,000",1.00,"38,596,250,000.00","14,035,000,000","14,000,000,000","14,035,000,000"
DIZ,4.00,4.00,3.52,13.64,4.00,4.00,6.00,0.0000,"1,000",1.00,"278,387,954.24","79,087,487","79,087,499","79,087,499"
DMC,11.48,11.00,10.98,4.55,11.48,10.82,11.48,7.50,100,1.00,"145,786,620,600.00","13,277,470,000","13,277,470,000","13,277,470,000"
DMW,6.71,6.70,6.71,0.00,6.71,6.70,7.00,6.11,100,1.00,"22,786,248,111.00","3,395,864,100","3,395,864,100","3,395,864,100"
DNA,,,2.86,,,,2.87,2.83,"1,000",0.25,"5,898,109,531.60","2,062,276,060","62,276,060","2,062,276,060"
DNL,7.71,7.81,7.81,1.28,7.81,7.67,9.45,6.42,100,1.00,"55,785,720,901.90","7,142,857,990","7,142,857,990","7,142,857,990"
DWC,,,1.37,,,,1.99,1.25,"1,000",1.00,"1,169,980,000.00","854,000,000","664,000,000","854,000,000"
EAGLE,,,17.00,,,,21.75,11.82,100,1.00,"85,000,000,085.00","5,000,000,005","5,000,000,005","5,000,000,005"
ECP,,,4.40,,,,5.00,0.0000,"1,000",1.00,"660,000,000.00","150,000,000","150,000,000","150,000,000"
EEI,2.86,2.87,2.86,0.00,2.90,2.80,6.91,2.80,"1,000",1.00,"2,963,765,047.10","1,036,281,485","1,035,084,197","1,036,401,386"
EG,,,0.0094,,,,0.0097,0.0092,"1,000,000",0.01,"282,000,000.00","30,000,000,000","30,000,000,000","30,000,000,000"
ELI,0.188,0.188,0.188,0.00,0.188,0.188,0.265,0.0000,"10,000",1.00,"2,759,125,443.40","14,676,199,167","14,803,455,238","14,803,455,238"
EMI,20.80,20.60,20.65,0.73,20.80,20.55,25.05,12.20,100,1.00,"324,958,131,064.70","15,736,471,238","16,242,391,176","16,242,391,176"
ENEX,12.88,13.12,13.20,2.42,13.32,12.82,43.00,7.63,100,1.00,"3,300,000,013.20","250,000,001","250,000,000","250,000,001"
EURO,0.83,0.83,0.85,2.35,0.83,0.83,1.51,0.0000,"1,000",1.00,"3,495,319,459.00","4,112,140,540","4,112,140,540","4,112,140,540"
EVER,0.250,0.250,0.250,0.00,0.250,0.250,0.365,0.240,"10,000",1.00,"1,250,000,000.00","5,000,000,000","5,000,000,000","5,000,000,000"
EW,6.60,6.70,6.60,0.00,6.70,6.60,9.84,5.70,100,10.00,"14,849,837,712.60","2,249,975,411","2,249,975,411","2,249,975,411"
FAF,,,0.60,,,,0.72,0.0000,"1,000",1.00,"715,920,000.00","1,193,200,000","1,193,200,000","1,193,200,000"
FB,38.20,38.10,38.00,0.53,38.75,38.00,71.90,34.10,100,1.00,"224,550,363,420.00","5,909,220,090","5,951,297,670","5,951,297,670"
FCG,0.61,0.59,0.59,3.39,0.62,0.59,1.02,0.475,"1,000",0.1,"2,742,430,331.77","4,648,187,003","4,648,187,003","4,648,187,003"
FDC,,,6.42,,,,7.97,6.40,100,1.00,"55,523,132,376.54","8,648,462,987","7,716,586,861","9,319,872,387"
FERRO,2.02,2.02,2.00,1.00,2.02,2.02,3.32,0.0000,"1,000",1.00,"523,648,004.00","261,824,002","261,824,002","261,824,002"
FEU,,,540.00,,,,597.00,0.0000,10,100.00,"12,990,112,020.00","24,055,763","24,093,094","24,093,094"
FFI,,,3.66,,,,7.00,0.0000,"1,000",1.00,"183,612,673.02","50,167,397","105,272,397","105,272,397"
FGEN,16.30,16.40,16.38,0.49,16.40,16.30,28.50,14.90,100,1.00,"58,911,906,771.90","3,596,575,505","3,660,943,557","3,660,943,557"
FILRT,5.24,5.48,5.40,2.96,5.48,5.20,7.86,5.20,100,0.5,"26,421,001,167.60","4,892,777,994","4,892,777,994","4,892,777,994"
FJP,,,1.99,,,,2.70,0.0000,"1,000",1.00,"582,294,134.82","292,610,118","292,610,118","292,610,118"
FLI,0.87,0.86,0.86,1.16,0.89,0.86,1.12,0.73,"1,000",1.00,"20,854,793,175.16","24,249,759,506","24,470,708,506","24,470,708,506"
FMETF,100.50,101.00,101.00,0.50,101.00,100.50,115.00,88.55,10,100.00,"2,201,927,260.00","21,801,260","30,000,000","21,791,260"
FNI,2.44,2.44,2.43,0.41,2.44,2.40,3.50,1.97,"1,000",1.05,"12,611,179,564.47","5,189,785,829","6,072,357,151","6,072,357,151"
FOOD,0.54,0.54,0.53,1.89,0.54,0.54,0.65,0.51,"1,000",0.5,"1,324,847,605.39","2,499,712,463","2,500,000,000","2,500,000,000"
FPH,60.50,61.00,60.50,0.00,61.00,60.50,71.90,58.00,10,10.00,"28,593,446,112.00","472,618,944","609,653,359","609,649,639"
FPI,,,0.230,,,,0.290,0.0000,"10,000",1.00,"422,956,946.58","1,838,943,246","1,500,000,000","1,874,999,996"
FRUIT,1.12,1.12,1.13,0.88,1.14,1.10,1.30,0.91,"1,000",0.1,"2,411,058,400.00","2,133,680,000","2,133,680,000","2,133,680,000"
FYN,,,0.000,,,,,,"1,000",5.00,0.00,"123,747,707","123,747,707","123,747,707"
GEO,0.184,0.182,0.181,1.66,0.184,0.182,0.228,0.0000,"10,000",1.00,"633,500,000.00","3,500,000,000","2,522,105,615","3,500,000,000"
GERI,0.91,0.91,0.92,1.09,0.91,0.91,1.01,0.0000,"1,000",1.00,"10,107,120,000.00","10,986,000,000","10,986,000,000","10,986,000,000"
GLO,"2,194.00","2,200.00","2,198.00",0.18,"2,200.00","2,184.00","3,458.00","1,948.00",5,50.00,"316,645,075,712.00","144,060,544","142,520,630","144,060,544"
GMA7,11.00,10.84,11.08,0.72,11.10,10.84,16.52,9.54,100,1.00,"37,280,787,360.00","3,364,692,000","3,364,692,000","3,364,692,000"
GMAP,10.78,10.78,10.40,3.65,10.78,10.78,15.60,9.85,100,0,"4,170,325,733.60","400,992,859","400,992,859","400,992,859"
GPH,,,11.98,,,,19.00,0.0000,100,10.00,"643,534,080.62","53,717,369","87,318,270","87,318,270"
GREEN,1.49,1.50,1.49,0.00,1.50,1.48,2.35,1.42,"1,000",1.00,"3,875,160,075.26","2,600,778,574","1,009,528,562","2,600,778,574"
GSMI,107.50,107.00,107.00,0.47,107.50,107.00,126.00,96.00,10,1.00,"30,637,078,987.00","286,327,841","333,612,667","345,625,332"
GTCAP,434.00,428.00,430.00,0.93,437.80,420.00,603.00,380.00,10,10.00,"92,572,372,410.00","215,284,587","215,284,587","215,284,587"
HI,,,3.55,,,,3.90,0.0000,"1,000",1.50,"2,756,451,747.55","776,465,281","776,765,281","776,765,281"
HLCM,4.00,3.90,4.00,0.00,4.00,3.90,6.29,3.72,"1,000",1.00,"25,808,396,576.00","6,452,099,144","6,452,094,978","6,452,099,144"
HOME,1.44,1.44,1.44,0.00,1.45,1.41,9.19,1.31,"1,000",1.00,"5,400,000,002.88","3,750,000,002","3,750,000,002","3,750,000,002"
HOUSE,,,9.90,,,,14.00,9.10,100,1.00,"53,374,850,298.00","5,391,399,020","5,517,990,720","5,517,990,720"
HTI,1.00,1.02,1.03,2.91,1.02,1.00,1.73,0.75,"1,000",1.00,"2,575,000,000.00","2,500,000,000","2,500,000,000","2,500,000,000"
HVN,,,660.00,,,,690.00,0.0000,10,1.00,"425,117,648,340.00","644,117,649","644,117,649","644,117,649"
I,,,0.72,,,,0.99,0.65,"1,000",1.00,"440,380,167.84","611,639,122","617,725,800","617,725,800"
ICT,204.00,197.10,198.00,3.03,204.00,197.10,236.60,152.80,10,1.00,"402,007,507,902.00","2,030,340,949","2,100,151,831","2,045,177,671"
IDC,0.80,0.82,0.80,0.00,0.82,0.78,1.32,0.60,"1,000",0.5,"503,655,036.00","629,568,795","629,568,795","629,568,795"
IMI,4.75,4.60,4.60,3.26,4.75,4.60,10.70,4.55,"1,000",1.00,"10,199,548,789.00","2,217,293,215","2,115,933,597","2,233,185,439"
IMP,,,1.32,,,,1.48,0.0000,"1,000",1.00,"861,300,000.00","652,500,000","100,000,000","652,500,000"
INFRA,0.89,0.89,0.90,1.11,0.89,0.89,1.25,0.82,"1,000",1.00,"5,455,404,289.80","6,061,560,322","1,327,113,964","6,061,578,964"
ION,0.56,0.55,0.56,0.00,0.56,0.55,0.83,0.425,"1,000",1.00,"468,793,355.52","837,130,992","857,974,996","857,974,992"
IPM,6.50,6.50,6.50,0.00,6.50,6.50,7.06,0.0000,100,1.00,"4,485,000,000.00","690,000,000","690,000,000","690,000,000"
IPO,6.93,6.93,5.94,16.67,6.93,6.93,9.03,0.0000,100,1.00,"6,202,923,390.18","1,044,263,197","1,044,263,197","1,044,263,197"
IS,,,0.144,,,,0.148,0.140,"10,000",0.01,"703,547,810.64","4,885,748,685","5,000,000,000","4,885,748,685"
JAS,,,1.66,,,,1.88,0.0000,"1,000",1.00,"415,098,101.02","250,059,097","167,559,179","250,059,179"
JFC,230.00,230.60,230.20,0.09,235.00,230.00,259.60,192.00,10,1.00,"257,530,920,639.80","1,118,726,849","1,124,626,788","1,135,174,189"
JGS,49.85,50.00,50.00,0.30,50.00,48.50,64.10,40.00,10,1.00,"376,049,182,900.00","7,520,983,658","7,677,865,201","7,520,983,658"
JOH,5.99,5.99,5.00,19.80,5.99,5.99,5.99,0.0000,100,1.00,"1,407,500,000.00","281,500,000","281,500,000","281,500,000"
KEEPR,1.27,1.29,1.29,1.55,1.29,1.26,1.54,1.02,"1,000",0.1,"18,716,287,903.77","14,508,750,313","14,508,750,313","14,508,750,313"
KEP,,,3.00,,,,3.90,0.0000,"1,000",1.00,"881,486,700.00","293,828,900","296,629,899","296,629,900"
KPH,,,6.60,,,,9.90,6.10,100,1.00,"235,990,062.00","35,756,070","39,840,970","39,840,970"
KPPI,,,1.53,,,,3.97,1.46,"1,000",1.00,"307,618,141.77","201,057,609","201,057,609","201,057,609"
LAND,0.78,0.78,0.78,0.00,0.78,0.78,1.04,0.69,"1,000",1.00,"1,172,631,877.56","1,503,374,202","1,503,374,202","1,503,374,202"
LBC,,,18.96,,,,27.00,16.02,100,1.00,"27,034,409,330.16","1,425,865,471","40,899,000","1,425,865,471"
LC,0.117,0.117,0.117,0.00,0.117,0.117,0.187,0.100,"10,000",0.1,"4,659,275,695.93","39,822,869,196","39,821,729,451","39,821,417,656"
LFM,,,19.94,,,,28.85,16.60,100,10.00,"2,991,000,000.00","150,000,000","150,000,000","150,000,000"
LMG,,,3.48,,,,4.00,0.0000,"1,000",1.00,"673,533,732.48","193,544,176","193,644,204","193,644,204"
LODE,0.56,0.56,0.56,0.00,0.56,0.52,0.88,0.450,"1,000",0.1,"1,680,000,000.00","3,000,000,000","640,000,000","3,000,000,000"
LOTO,,,1.56,,,,1.86,0.0000,"1,000",1.00,"1,396,716,275.76","895,330,946","895,330,946","895,330,946"
LPC,0.150,0.145,0.150,0.00,0.151,0.145,0.75,0.110,"10,000",0.01,"3,750,000,000.00","25,000,000,000","24,939,823,099","25,000,000,000"
LPZ,2.92,2.92,2.93,0.34,2.92,2.92,3.34,2.86,"1,000",1.00,"13,308,935,809.23","4,542,298,911","4,629,532,611","4,629,532,611"
LR,2.41,2.44,2.47,2.43,2.44,2.41,3.13,1.21,"1,000",1.00,"9,179,654,169.66","3,716,459,178","2,444,106,666","4,094,106,666"
LSC,,,0.59,,,,0.93,0.0000,"1,000",1.00,"327,238,928.09","554,642,251","555,652,251","555,652,251"
LTG,9.00,9.09,9.09,0.99,9.10,9.00,10.26,7.70,100,1.00,"98,366,425,001.01","10,821,388,889","10,821,388,889","10,821,388,889"
MA,0.0096,0.0096,0.0097,1.03,0.0096,0.0096,0.012,0.0091,"1,000,000",0.01,"1,813,466,445.37","186,955,303,646","160,108,126,557","186,955,303,646"
MAC,4.98,4.90,5.01,0.60,5.04,4.88,6.25,4.00,100,1.00,"9,473,701,198.23","1,890,958,323","1,933,305,923","1,933,305,923"
MACAY,,,6.70,,,,6.88,0.0000,100,1.00,"7,158,234,594.10","1,068,393,223","1,068,393,223","1,068,393,223"
MAH,,,0.70,,,,1.19,0.0000,"1,000",1.00,"128,571,429.00","183,673,470","183,673,470","183,673,470"
MARC,1.21,1.22,1.20,0.83,1.26,1.20,2.50,1.06,"1,000",1.00,"3,617,784,366.00","3,014,820,305","3,014,820,305","3,014,820,305"
MAXS,4.79,4.51,4.93,2.84,4.79,4.51,6.83,4.07,"1,000",1.00,"5,113,850,664.32","1,037,292,224","1,087,082,024","1,087,082,024"
MB,,,0.280,,,,0.450,0.275,"10,000",1.00,"970,518,940.16","3,466,139,072","3,475,463,722","3,475,463,722"
MBC,,,6.99,,,,10.50,0.0000,100,1.00,"2,814,754,100.10","402,682,990","402,803,776","402,803,777"
MBT,54.95,56.30,56.30,2.40,56.30,54.95,63.50,44.60,10,20.00,"253,204,495,746.50","4,497,415,555","4,497,415,555","4,497,415,555"
MED,,,0.156,,,,0.340,0.0000,"10,000",0.05,"492,849,620.80","3,159,292,441","700,000,000","3,159,292,441"
MEDIC,0.73,0.72,0.73,0.00,0.73,0.71,1.33,0.54,"1,000",0.25,"2,007,021,704.00","2,749,344,800","2,750,000,800","2,750,000,800"
MEG,2.11,2.13,2.13,0.94,2.13,2.09,3.41,1.95,"1,000",1.00,"67,068,112,737.36","31,487,376,872","32,370,865,872","32,370,865,872"
MER,283.60,287.00,287.00,1.18,290.00,283.60,380.80,263.00,10,10.00,"323,477,328,335.00","1,127,098,705","1,127,092,509","1,127,271,117"
MFC,,,920.00,,,,"1,110.00",0.0000,10,0,"1,724,859,431,360.00","1,874,847,208","2,126,529,950","1,874,847,208"
MFIN,,,2.35,,,,3.12,0.0000,"1,000",1.00,"632,816,716.15","269,283,709","269,283,709","269,283,709"
MG,0.114,0.113,0.114,0.00,0.114,0.113,0.168,0.100,"10,000",0.1,"270,144,046.57","2,369,684,619","1,869,684,619","2,369,684,619"
MGH,,,1.00,,,,,,"1,000",1.00,"2,000,000,000.00","2,000,000,000","299,850,000","2,000,000,000"
MHC,,,0.230,,,,0.380,0.0000,"10,000",1.00,"276,000,000.00","1,200,000,000","1,200,000,000","1,200,000,000"
MJC,1.35,1.35,1.36,0.74,1.35,1.35,2.38,0.0000,"1,000",1.00,"2,032,168,676.64","1,494,241,674","1,494,251,136","1,494,251,136"
MJIC,,,1.30,,,,1.45,0.0000,"1,000",1.00,"4,126,727,567.30","3,174,405,821","3,174,405,821","3,174,405,821"
MM,1.22,1.17,1.17,4.27,1.22,1.17,2.74,1.05,"1,000",0.05,"8,886,075,949.53","7,594,936,709","7,594,936,709","7,594,936,709"
MONDE,11.70,11.38,11.30,3.54,11.76,11.02,18.16,11.00,100,0.5,"203,045,309,904.80","17,968,611,496","17,968,611,496","17,968,611,496"
MPI,3.42,3.47,3.47,1.44,3.47,3.40,4.03,3.14,"1,000",1.00,"99,574,893,589.44","28,695,934,752","31,569,338,752","31,569,338,752"
MRC,0.188,0.185,0.184,2.17,0.188,0.183,0.315,0.170,"10,000",0.1,"1,566,329,251.40","8,512,658,975","8,512,658,975","8,512,658,975"
MREIT,12.80,12.46,12.34,3.73,12.96,12.30,23.40,11.20,100,1.00,"31,246,377,841.54","2,532,121,381","2,532,121,381","2,532,121,381"
MRSGI,1.40,1.39,1.39,0.72,1.40,1.39,1.48,1.09,"1,000",1.00,"4,563,546,530.00","3,283,127,000","3,429,375,000","3,429,375,000"
MVC,5.49,5.48,5.47,0.37,5.49,5.30,6.77,0.0000,100,1.00,"3,617,362,407.06","661,309,398","661,309,398","661,309,398"
MWC,18.92,19.04,19.00,0.42,19.10,18.88,26.45,13.00,100,1.00,"54,756,760,953.00","2,881,934,787","2,027,238,060","2,884,839,617"
MWIDE,3.24,3.35,3.26,0.61,3.38,3.20,5.70,2.96,"1,000",1.00,"6,563,715,677.42","2,013,409,717","2,399,420,199","2,399,426,127"
NI,,,0.67,,,,1.40,0.0000,"1,000",1.00,"676,700,000.00","1,010,000,000","600,000,000","1,010,000,000"
NIKL,5.46,5.58,5.47,0.18,5.58,5.45,9.77,4.76,100,0.5,"74,560,750,139.99","13,630,850,117","13,679,282,619","13,685,272,117"
NOW,1.98,1.92,1.91,3.66,2.01,1.90,2.01,0.85,"1,000",0.7,"3,450,847,259.74","1,806,726,314","1,517,278,350","1,806,726,314"
NRCP,0.62,0.62,0.62,0.00,0.62,0.62,0.72,0.0000,"1,000",1.00,"1,316,635,472.00","2,123,605,600","2,181,954,600","2,181,954,600"
NXGEN,,,7.00,,,,,,100,10.00,"728,092,575.00","104,013,225","104,013,225","104,013,225"
OM,,,0.300,,,,0.380,0.0000,"10,000",1.00,"315,138,501.90","1,050,461,673","1,050,461,673","1,050,461,673"
OPM,0.0100,0.0100,0.011,9.09,0.0100,0.0100,0.013,0.0098,"100,000",0.01,"1,320,000,000.00","120,000,000,000","120,000,000,000","120,000,000,000"
ORE,,,0.72,,,,1.31,0.65,"1,000",1.00,"2,072,520,003.60","2,878,500,005","2,878,500,005","2,878,500,005"
OV,0.0095,0.0095,0.0094,1.06,0.0095,0.0095,0.011,0.0081,"1,000,000",0.01,"1,803,566,770.37","191,868,805,358","191,868,805,358","191,868,805,358"
PA,,,1.86,,,,3.20,0.0000,"1,000",1.00,"604,500,000.00","325,000,000","126,726,080","325,000,000"
PAL,5.80,5.80,5.80,0.00,5.80,5.80,6.96,5.00,100,1.00,"67,343,673,803.60","11,610,978,242","10,502,320,021","10,524,253,257"
PAX,,,1.83,,,,2.00,0.0000,"1,000",1.00,"2,101,818,804.78","1,148,534,866","1,148,534,866","1,148,534,866"
PBB,9.52,9.19,9.10,4.62,9.52,9.19,10.00,0.0000,100,10.00,"5,858,125,855.40","643,750,094","643,750,094","643,750,094"
PBC,,,12.80,,,,18.98,0.0000,100,25.00,"6,152,258,086.40","480,645,163","480,645,164","480,645,164"
PCOR,2.40,2.40,2.40,0.00,2.40,2.38,3.99,2.27,"1,000",1.00,"22,500,250,792.80","9,375,104,497","9,375,104,497","9,375,104,497"
PCP,,,0.205,,,,,,"10,000",1.00,"867,608,465.08","4,232,236,415","4,232,236,415","4,232,236,415"
PERC,,,4.80,,,,5.49,0.0000,"1,000",1.00,"2,729,816,841.60","568,711,842","568,711,842","568,711,842"
PGOLD,33.90,34.45,34.00,0.29,34.45,33.80,39.90,26.50,100,1.00,"97,924,678,910.00","2,880,137,615","2,904,214,086","2,904,214,086"
PHA,0.290,0.280,0.280,3.57,0.290,0.270,0.91,0.255,"10,000",0.25,"1,598,340,661.12","5,708,359,504","2,254,117,253","5,708,359,504"
PHC,,,1.40,,,,,,"1,000",1.00,"1,394,947,755.60","996,391,254","60,000,000","996,391,254"
PHES,0.375,0.375,0.380,1.32,0.375,0.375,0.55,0.0000,"10,000",1.00,"1,098,617,870.80","2,891,099,660","1,530,436,530","2,891,099,660"
PHN,19.00,19.00,19.00,0.00,19.00,19.00,21.25,18.00,100,10.00,"5,440,180,035.00","286,325,265","286,343,544","286,343,544"
PHR,0.80,0.82,0.81,1.23,0.82,0.80,1.56,0.69,"1,000",1.00,"5,898,433,791.87","7,282,017,027","7,282,017,027","7,282,017,027"
PIZZA,7.15,7.23,7.25,1.38,7.23,7.15,10.60,6.70,100,1.00,"12,207,261,290.50","1,683,760,178","1,683,760,178","1,683,760,178"
PLC,0.470,0.460,0.470,0.00,0.470,0.460,0.490,0.390,"10,000",0.25,"14,671,957,570.00","31,216,931,000","31,627,309,995","31,627,310,000"
PMPC,,,5.40,,,,6.60,0.0000,100,1.00,"457,506,532.80","84,723,432","84,723,432","84,723,432"
PNB,18.78,18.70,18.70,0.43,19.00,18.70,21.35,16.72,100,40.00,"28,531,802,695.00","1,525,764,850","1,525,764,850","1,525,764,850"
PNC,,,5.00,,,,,,"1,000",10.00,"872,223,795.00","174,444,759","75,000,000","174,444,759"
PNX,,,8.47,,,,10.86,6.93,100,1.00,"12,215,572,332.04","1,442,216,332","1,442,216,332","1,442,216,332"
PORT,,,7.30,,,,8.00,7.30,100,1.00,"17,046,478,930.00","2,335,134,100","54,212,200","2,335,335,600"
PPC,5.40,5.40,5.09,6.09,5.40,5.40,6.18,5.00,100,1.00,"9,649,062,960.21","1,895,690,169","1,822,993,750","2,024,500,000"
PRC,7.00,6.30,5.50,27.27,7.39,6.30,7.80,0.0000,100,1.00,"3,006,450,128.00","546,627,296","585,687,130","585,608,270"
PREIT,1.55,1.58,1.58,1.90,1.58,1.53,1.70,1.37,"1,000",1.00,"5,196,097,020.00","3,288,669,000","3,288,669,000","3,288,669,000"
PRIM,1.95,1.96,1.94,0.52,1.97,1.95,3.48,1.10,"1,000",1.00,"1,358,579,315.04","700,298,616","663,713,458","700,298,616"
PRMX,,,2.29,,,,2.87,1.86,"1,000",0.2,"3,805,216,662.85","1,661,666,665","1,661,666,665","1,661,666,665"
PSB,,,55.00,,,,59.00,54.80,10,10.00,"23,477,267,880.00","426,859,416","426,859,416","426,859,416"
PSE,,,156.50,,,,225.00,151.20,10,1.00,"12,827,349,411.00","81,963,894","85,098,213","85,477,846"
PTC,,,100.00,,,,118.00,0.0000,10,10.00,"100,000,000,000.00","1,000,000,000","1,000,000,000","1,000,000,000"
PTT,,,0.330,,,,,,"10,000",1.00,"495,000,000.00","1,500,000,000","800,000,000","1,500,000,000"
PX,2.85,2.84,2.89,1.38,2.89,2.80,6.86,2.16,"1,000",1.00,"16,711,133,306.52","5,782,399,068","5,782,399,068","5,782,399,068"
PXP,7.00,7.15,7.16,2.23,7.15,7.00,7.30,3.99,100,1.00,"14,033,600,000.00","1,960,000,000","1,700,000,000","1,960,000,000"
RCB,23.90,23.20,23.95,0.21,23.95,23.20,28.30,18.84,100,10.00,"48,797,619,559.20","2,037,478,896","2,250,916,144","2,250,916,144"
RCI,0.465,0.470,0.475,2.11,0.470,0.465,0.78,0.445,"10,000",1.00,"1,063,318,450.52","2,238,565,159","2,911,885,870","2,911,885,870"
RCR,5.79,5.83,5.80,0.17,5.84,5.74,8.94,4.80,100,1.00,"62,215,465,114.00","10,726,804,330","10,726,804,330","10,726,804,330"
REG,3.09,3.09,3.09,0.00,3.09,3.09,3.39,0.0000,"1,000",1.00,"2,107,582,802.88","682,065,632","738,314,299","738,314,299"
RFM,3.60,3.60,3.60,0.00,3.60,3.60,4.67,3.30,"1,000",1.00,"12,130,377,688.80","3,369,549,358","3,500,403,866","3,651,021,310"
RLC,15.00,15.10,15.10,0.66,15.10,14.92,20.90,14.50,100,1.00,"76,373,777,883.50","5,057,866,085","5,193,830,685","5,193,830,685"
RLT,,,0.210,,,,0.280,0.0000,"10,000",0.5,"1,911,021,563.85","9,100,102,685","5,003,581,007","9,181,358,785"
ROCK,,,1.30,,,,1.58,1.16,"1,000",1.00,"7,951,790,857.40","6,116,762,198","6,243,382,344","6,243,382,344"
ROX,0.65,0.59,0.63,3.17,0.65,0.59,1.61,0.0000,"1,000",1.00,"975,199,553.37","1,547,935,799","1,565,579,279","1,565,579,279"
RRHI,55.05,54.80,54.80,0.46,56.00,54.80,68.00,45.95,10,1.00,"81,082,831,856.00","1,479,613,720","1,576,489,360","1,576,489,360"
SBS,,,3.69,,,,4.30,0.0000,"1,000",1.00,"5,719,499,996.31","1,549,999,999","1,549,999,999","1,549,999,999"
SCC,35.00,35.15,35.15,0.43,35.15,34.50,44.40,21.15,100,1.00,"149,406,748,843.00","4,250,547,620","4,264,609,290","4,264,609,290"
SECB,87.80,89.00,88.60,0.90,89.15,87.80,119.50,78.10,10,10.00,"66,763,545,388.20","753,538,887","753,538,887","753,538,887"
SEVN,68.05,70.50,72.00,5.49,70.50,68.05,92.00,48.00,10,1.00,"54,462,116,376.00","756,418,283","757,104,533","757,104,533"
SFI,,,0.075,,,,0.116,0.0000,"10,000",1.00,"136,081,760.48","1,814,423,473","1,704,946,700","1,814,423,473"
SGI,,,0.88,,,,1.17,0.79,"1,000",1.00,"1,602,956,960.00","1,821,542,000","2,030,975,000","2,030,975,000"
SGP,11.50,11.60,11.60,0.86,11.60,11.44,13.98,10.80,100,1.00,"61,084,045,600.00","5,265,866,000","5,265,866,000","5,265,866,000"
SHLPH,16.86,17.00,16.84,0.12,17.28,16.86,22.25,16.02,100,1.00,"27,170,400,361.68","1,613,444,202","1,681,058,291","1,681,058,291"
SHNG,,,2.54,,,,2.62,2.41,"1,000",1.00,"12,100,702,968.98","4,764,056,287","4,764,058,982","4,764,058,982"
SLF,,,"2,560.00",,,,"2,968.00","1,786.00",5,0,"1,501,152,524,800.00","586,387,705","618,157,684","586,387,705"
SLI,3.19,3.23,3.19,0.00,3.23,3.15,3.23,0.0000,"1,000",1.00,"26,465,675,500.00","8,296,450,000","10,796,450,000","10,796,450,000"
SM,914.00,924.00,926.00,1.30,927.00,913.00,995.00,720.00,10,10.00,"1,131,593,629,508.00","1,222,023,358","1,204,582,867","1,226,114,578"
SMC,94.20,94.50,94.95,0.79,94.50,94.05,115.00,92.10,10,5.00,"225,840,946,661.10","2,378,524,978","3,245,734,226","3,283,277,515"
SMPH,35.50,35.45,35.45,0.14,35.50,34.90,40.05,29.70,100,1.00,"1,023,768,763,552.30","28,879,231,694","33,166,300,075","33,166,300,075"
SOC,,,0.460,,,,0.66,0.0000,"10,000",1.00,"414,883,461.28","901,920,568","906,559,569","906,559,568"
SPC,9.36,9.48,9.53,1.78,9.48,9.30,15.90,8.36,100,1.00,"14,262,138,682.59","1,496,551,803","1,569,491,900","1,569,491,900"
SPM,,,1.72,,,,2.79,0.0000,"1,000",1.00,"280,360,000.00","163,000,000","163,000,000","163,000,000"
SPNEC,1.23,1.22,1.22,0.82,1.24,1.20,2.34,0.99,"1,000",0.1,"12,200,000,000.00","10,000,000,000","9,415,315,601","10,000,000,000"
SRDC,,,0.000,,,,,,"1,000",1.00,0.00,"110,000,000","110,000,000","110,000,000"
SSI,1.53,1.50,1.55,1.29,1.53,1.50,1.64,1.00,"1,000",1.00,"5,112,533,066.50","3,298,408,430","3,312,864,430","3,312,864,430"
SSP,1.38,1.44,1.40,1.43,1.45,1.38,1.75,0.92,"1,000",1.00,"2,984,569,155.40","2,131,835,111","2,165,024,111","2,165,024,111"
STI,0.340,0.345,0.345,1.45,0.345,0.340,0.375,0.310,"10,000",0.5,"3,417,158,388.78","9,904,806,924","9,904,806,924","9,904,806,924"
STN,,,0.250,,,,,,"10,000",1.00,"354,703,020.25","1,418,812,081","876,182,045","1,418,812,081"
STR,2.99,2.81,3.09,3.24,2.99,2.81,5.40,0.0000,"1,000",1.00,"26,036,281,772.04","8,425,981,156","8,425,981,156","8,425,981,156"
SUN,,,0.96,,,,1.15,0.0000,"1,000",1.00,"6,960,000,000.00","7,250,000,000","2,000,000,000","7,250,000,000"
T,0.55,0.53,0.55,0.00,0.55,0.51,0.97,0.51,"1,000",1.00,"517,000,000.00","940,000,000","940,000,000","940,000,000"
TBGI,0.220,0.223,0.222,0.90,0.223,0.220,0.435,0.202,"10,000",0.1,"842,628,084.00","3,795,622,000","3,800,000,000","3,800,000,000"
TECH,2.79,2.77,2.80,0.36,2.80,2.74,4.16,2.23,"1,000",1.00,"1,871,816,310.00","668,505,825","668,505,825","668,505,825"
TEL,"1,230.00","1,249.00","1,249.00",1.52,"1,250.00","1,221.00","1,984.00","1,130.00",5,5.00,"269,853,662,975.00","216,055,775","233,926,212","218,779,886"
TFC,,,43.25,,,,56.45,0.0000,100,1.00,"1,513,750,000.00","35,000,000","35,000,000","35,000,000"
TFHI,95.50,95.50,95.50,0.00,96.00,95.50,128.90,0.0000,10,1.00,"31,790,628,948.50","332,886,167","490,196,200","490,196,200"
TUGS,0.94,0.92,0.91,3.30,0.94,0.90,1.38,0.62,"1,000",1.00,"814,074,051.70","894,586,870","907,857,870","907,857,870"
UBP,81.60,81.50,81.10,0.62,81.60,81.20,118.10,68.00,10,10.00,"173,724,858,560.40","2,142,106,764","2,139,637,108","2,142,106,764"
UNI,,,0.246,,,,0.246,0.246,"10,000",1.00,"391,031,754.34","1,589,559,977","332,150,000","332,150,000"
UPM,0.0054,0.0054,0.0054,0.00,0.0054,0.0054,0.0086,0.0051,"1,000,000",0.01,"1,411,099,904.23","261,314,797,080","261,314,797,080","261,314,797,080"
URC,137.60,137.00,137.40,0.15,138.00,135.60,138.70,93.25,10,1.00,"299,326,946,713.20","2,178,507,618","2,227,638,933","2,230,160,190"
V,,,0.74,,,,0.90,0.0000,"1,000",1.00,"3,107,690,876.84","4,199,582,266","4,335,181,766","4,335,181,766"
VITA,0.59,0.58,0.58,1.72,0.59,0.58,0.74,0.50,"1,000",0.38,"1,771,513,728.12","3,054,334,014","3,054,334,014","3,054,334,014"
VLL,1.47,1.50,1.49,1.34,1.50,1.47,3.55,1.39,"1,000",1.00,"18,920,031,437.24","12,698,007,676","13,114,136,376","13,114,136,376"
VMC,2.68,2.68,2.56,4.69,2.68,2.68,3.10,0.0000,"1,000",1.00,"7,019,649,443.84","2,742,050,564","3,038,747,677","3,042,061,094"
VREIT,1.60,1.60,1.63,1.84,1.63,1.60,1.77,1.47,"1,000",1.00,"12,225,000,000.00","7,500,000,000","7,500,000,000","7,500,000,000"
VUL,0.83,0.84,0.84,1.19,0.85,0.83,1.48,0.76,"1,000",1.00,"1,218,000,000.00","1,450,000,000","963,944,338","963,944,338"
VVT,,,12.82,,,,18.48,0.0000,100,1.00,"13,120,714,868.36","1,023,456,698","1,023,456,698","1,023,456,698"
WEB,2.60,2.56,2.56,1.56,2.61,2.53,6.15,1.80,"1,000",1.00,"3,675,588,300.80","1,435,776,680","1,517,157,618","1,517,157,618"
WIN,,,0.230,,,,0.310,0.0000,"10,000",1.00,"752,545,781.40","3,271,938,180","3,276,045,637","3,271,938,180"
WLCON,29.20,29.60,30.00,2.67,29.65,29.00,33.40,21.05,100,1.00,"122,991,723,480.00","4,099,724,116","4,099,724,116","4,099,724,116"
WPI,,,0.440,,,,0.60,0.410,"10,000",1.00,"1,099,556,371.32","2,498,991,753","2,498,991,753","2,498,991,753"
X,0.260,0.260,0.246,5.69,0.260,0.260,0.57,0.246,"10,000",0.1,"505,435,304.51","2,054,615,059","1,797,700,660","2,116,744,034"
ZHI,,,0.130,,,,0.186,0.0000,"10,000",1.00,"355,815,824.91","2,737,044,807","2,733,463,907","2,737,044,807"
